,empresa,cargo,modalidade,cidade
0,VENHA SER #SANGUELARANJA üß°üöÄ,Desenvolvedor(a) Back-End Java Sr,Presencial,S√£o Paulo - SP
1,MJV Technology & Innovation,Pessoa Desenvolvedora Back-end (Node),Presencial,S√£o Paulo - SP
2,Poliedro Educa√ß√£o,Desenvolvedor Back-End Pleno,Remoto,S√£o Jos√© d... - SP
3,Vertem,Analista Desenvolvedor Back-end,Presencial,Barueri - SP
4,MJV Technology & Innovation,Pessoa Desenvolvedora Back-end (Java),Remoto,Curitiba - PR
5,Vem pra Kobe!,Pessoa Desenvolvedora Back-End (Pleno/S√™nior),Remoto,Porto Alegre - RS
6,MJV Technology & Innovation,Pessoa Desenvolvedora Back-end (.Net),Remoto,S√£o Paulo - SP
7,Quality Digital,5341219 -  PESSOA DESENVOLVEDORA JAVA BACK-END S√äNIOR,Remoto,Barueri - SP
8,MJV Technology & Innovation,Pessoa Desenvolvedora Back-end (Java),Remoto,Curitiba - PR
9,WeClever,Desenvolvedor Back-End J√∫nior,Remoto,Po√ßos de C... - MG
10,MJV Technology & Innovation,Pessoa Desenvolvedora Back-end (Java),Remoto,Rio de Jan... - RJ
11,Stefanini Group,DESENVOLVEDOR BACK END PL,Remoto,Sao Paulo - SP
12,Acelera√≠,desenvolvedor Back-end,Presencial,S√£o Paulo - SP
13,"Grupo Hive | Omnibees, Bee2Pay e Niara",Desenvolvedor (a) Back End (Dot Net) - Bee2Pay Brasil,Presencial,S√£o Paulo - SP
14,Unicred do Brasil,Pessoa Desenvolvedora Back end Java SR,Presencial,Porto Alegre - RS
15,MJV Technology & Innovation,Pessoa Desenvolvedora Back-end (Java),Remoto,Curitiba - PR
16,Synvia,Desenvolvedor Back End,Remoto,Paul√≠nia - SP
17,rec_in,Desenvolvedor Back End NodeJS ‚Äì S√™nior (S√£o Paulo/SP),Remoto,S√£o Paulo - SP
18,Agriness,Desenvolvedor(a) Back-End S√™nior,Remoto,Florian√≥polis - SC
19,GRAFENO,Pessoa Desenvolvedora Back end Ruby - S√™nior,Remoto,S√£o Paulo - SP
20,ProcessMind,Desenvolvedor Back End  S√™nior,Presencial,S√£o Paulo - SP
21,Datum TI,Pessoa Desenvolvedora Back End Java S√™nior,Remoto,S√£o Paulo - SP
22,Contato Seguro,Desenvolvedor J√∫nior - Back End,Remoto,Porto Alegre - RS
23,MJV Technology & Innovation,Pessoa Desenvolvedora Back-end (Java),Presencial,S√£o Paulo - SP
24,MJV Technology & Innovation,Pessoa Desenvolvedora Back-end (.Net),Presencial,S√£o Paulo - SP
25,MJV Technology & Innovation,Pessoa Desenvolvedora Back-end (Java),Presencial,S√£o Paulo - SP
26,Globo,Desenvolvedora Back-end S√™nior | Jornada de Vendas - Mais mulheres na Globo! üë©,Presencial,Rio de Jan... - RJ
27,"Somos a upLexis, Lar dos upLovers!",Desenvolvedor Back end PHP S√™nior,Remoto,Barueri - SP
28,Trizy,Desenvolvedor(a) Back End,Remoto,Ponta Grossa - PR
29,Cuponomia,Desenvolvedor(a) Back-End S√™nior,Remoto,S√£o Jos√© d... - SP
30,Transform and grow in Digital,Desenvolvedor Back-end J√∫nior - Trabalho H√≠brido,Presencial,S√£o Paulo - SP
31,CUPRH,Desenvolvedor Back End Sr,Remoto,S√£o Paulo - SP
32,Grupo Gmill,Desenvolvedor Back-End,Presencial,Serra - ES
33,AGROTIS,Desenvolvedor(a) Back End Pleno,Remoto,N√£o informado
34,Fretebras,Desenvolvedor (a) Back-End PHP | PCD,Remoto,S√£o Paulo - SP
35,Cayena,Desenvolvedor(a) Back End Pleno,Remoto,S√£o Paulo - SP
36,MadeiraMadeira,Pessoa Desenvolvedora Back-end Pleno | Afirmativa para pessoas com defici√™ncia,Remoto,Curitiba - PR
37,Codex Utilities,Desenvolvedor Back-End S√™nior (Java/Kotlin),Remoto,Sao Jose d... - SP
38,Wake,Pessoa Desenvolvedora Back End .NET Junior - Modelo de Trabalho H√≠brido,Presencial,Curitiba - PR
39,GAVB,Pessoa Desenvolvedora Back End III,Remoto,N√£o informado
40,Grupo Botic√°rio,Pessoa Desenvolvedora Back End Node Especialista I (Lojas e Franquias),Remoto,N√£o informado
41,Vertem,Analista Desenvolvedor Back-end,Presencial,Barueri - SP
42,YDUQS,PESSOA DESENVOLVEDORA BACK END PLENO,Remoto,Rio de Jan... - RJ
43,Quality Digital,5117082 - PESSOA DESENVOLVEDORA J√öNIOR (BACK-END) SQL,Presencial,Santo Andr√© - SP
44,Close-up International,Desenvolvedor Back End - Java,Presencial,S√£o Paulo - SP
45,Stefanini Group,Analista/Desenvolvedor Java (Web e Back-end),Remoto,Brasilia - DF
46,Atech,2021-061 Desenvolvedor Back-End SR (Linguagem C pura),Presencial,S√£o Paulo - SP
47,Codesign,Desenvolvedor Back End PL,Presencial,Curitiba - PR
48,Pmweb,Pessoa Desenvolvedora Back-End C#,Remoto,Porto Alegre - RS
49,Vagas Simples Dental,Pessoa desenvolvedora Back-end  Java / Senior,Remoto,Florian√≥polis - SC
50,Ploomes,Desenvolvedor(a) Back-end C# Jr,Presencial,S√£o Paulo - SP
51,Wake,Pessoa Desenvolvedora Back End .NET Pleno - Modelo de Trabalho H√≠brido,Remoto,Curitiba - PR
52,Account Manager Jr,Desenvolvedor Back End,Remoto,N√£o informado
53,We Believe in Great Ideas - WBGI,Desenvolvedor back-end  -  MetaHuman,Remoto,S√£o Paulo - SP
54,SMARTBREEDER - trabalhe conosco,Desenvolvedor Back End,Remoto,Piracicaba - SP
55,Swift,Swift Corporativo - Desenvolvedor Back End,Presencial,S√£o Paulo - SP
56,STUDIO SOL,Pessoa Desenvolvedora Back-end - J√∫nior,Presencial,Belo Horiz... - MG
57,Wake,Pessoa Desenvolvedora Back-end .NET S√™nior,Remoto,S√£o Paulo - SP
58,Taking,Desenvolvedor Progress Pleno - Java Back End,Remoto,S√£o Paulo - SP
59,Mercafacil,Desenvolvedor(a) Back End de Integra√ß√µes (Banco de Talentos),Remoto,Curitiba - PR
60,Eletromidia,Desenvolvedor(a) Back-End Pleno - IoT,Presencial,S√£o Paulo - SP
61,Seja Globalweb,DESENVOLVEDOR BACK END .NET,Presencial,S√£o Paulo - SP
62,Seja Globalweb,DESENVOLVEDOR BACK END .NET,Presencial,S√£o Paulo - SP
63,Seja Globalweb,DESENVOLVEDOR BACK END .NET,Presencial,S√£o Paulo - SP
64,Unicred do Brasil,Pessoa Desenvolvedora Back-end SR (Java),Remoto,Porto Alegre - RS
65,enjoei,pessoa desenvolvedora back end ruby pleno | time de log√≠stica,Remoto,S√£o Paulo - SP
66,ProcessMind,Desenvolvedor Back End  S√™nior,Presencial,S√£o Paulo - SP
67,Mobyan,Pessoa Desenvolvedora Back End .NET S√™nior,Presencial,Barueri - SP
68,Logical IT,Desenvolvedor(a) Back-end Pleno,Presencial,S√£o Paulo - SP
69,Huia,Desenvolvedor Back End PL/SR,Remoto,Sao Paulo - SP
70,Keep Simple,Desenvolvedor Back-End S√™nior (2809),Presencial,Curitiba - PR
71,Eva Benef√≠cios,Pessoa Desenvolvedora Back-End Pleno - Eva Benef√≠cios,Remoto,N√£o informado
72,Trixlog,Desenvolvedor Back-end Pleno,Remoto,N√£o informado
73,Trixlog,Desenvolvedor Back-end S√™nior,Remoto,Fortaleza - CE
74,Stefanini Group,Desenvolvedor Back End - Stefanini,Presencial,S√£o Carlos - SP
75,Pontotel,PontoTel - Desenvolvedor Back End Jr (Remoto),Remoto,S√£o Paulo - SP
76,Fretebras,Desenvolvedor(a) Back-End Afirmativa PCD,Remoto,S√£o Paulo - SP
77,Delta Global S.A.,Desenvolvedor (a) Back-End,Remoto,Porto Alegre - RS
78,Viaflow,Banco de Talentos | Pessoa Desenvolvedora Back-end,Remoto,N√£o informado
79,Editora do Brasil,Analista Desenvolvedor de Sistemas Pl - Back End,Remoto,S√£o Paulo - SP
80,Oportunidades Muvz,Pessoa Desenvolvedora Java Back End Pleno/S√™nior,Remoto,Uberl√¢ndia - MG
81,Globo,"Pessoa Desenvolvedora Back-end (G1, Globo.com, Gshow, Globoplay, GE, Cartola)",Remoto,Rio de Jan... - RJ
82,Hurb,TI | Desenvolvedor(a) Back End,Remoto,Rio de Jan... - RJ
83,Brivia,Desenvolvedor(a) Back End PHP,Remoto,S√£o Paulo - SP
84,Campus S√£o Paulo,[EASYCR√âDITO] Desenvolvedor back-end junior,Presencial,Goi√¢nia - GO
85,Grupo SBF,Pessoa Administradora de Banco de Dados Pleno,Presencial,N√£o informado
86,Confidencial,Consultor(a) Banco De Dados (Oracle),Presencial,Barueri - SP
87,Hyperativa,ANALISTA DE BANCO DE DADOS ‚Äì SQL ‚Äì DBA,Remoto,S√£o Paulo - SP
88,Central IT,ADMINISTRADOR DE BANCO DE DADOS S√äNIOR,Presencial,N√£o informado
89,Confidencial,Analista de Banco de Dados S√™nior,Presencial,Curitiba - PR
90,Techware Systems,Administrador de Banco de Dados Jr (DBA),Presencial,S√£o Paulo - SP
91,Movilway,Analista de Banco de Dados Jr - Movilway - Remoto,Remoto,Belo Horiz... - MG
92,Central IT,Administrador de Banco de Dados,Presencial,N√£o informado
93,ProcessMind,Analista Banco de Dados,Presencial,S√£o Paulo - SP
94,Lanlink Inform√°tica,Analista de Banco de Dados e Linux,Presencial,Fortaleza - CE
95,Montreal & Tecnologia & Inova√ß√£o,Administrador de Banco de Dados ADABAS/NATURAL - Regional RJ,Presencial,Rio de Jan... - RJ
96,GLOBAL HITSS,13539-Pessoa Administradora de Banco de Dados (DBA),Presencial,S√£o Paulo - SP
97,REDE CACIQUE,ATENDENTE EM RESTAURANTE BANCO DE DADOS - ALTO ALEGRE/MA,Presencial,Alto Alegre  - MA
98,Aeris Energy,Banco de Dados - Profissionais com Defici√™ncia (PCD),Presencial,Caucaia - CE
99,Aliare,Est√°gio Suporte - Banco de Dados e Servi√ßos,Presencial,Rio Verde - GO
100,Seja Globalweb,ANALISTA DE BANCO DE DADOS SR - (SGBD PostgreSQL),Presencial,Bras√≠lia - DF
101,Seja Globalweb,ANALISTA DE BANCO DE DADOS SR - (SGBD MS SQL Server),Presencial,Fortaleza - CE
102,Seja Globalweb,ANALISTA DE BANCO DE DADOS PL - (MS SQL Server),Presencial,Bras√≠lia - DF
103,JDC Tech,Administrador de Banco de Dados Oracle,Remoto,Belo Horiz... - MG
104,EtheriumTech - Cloud & Data Center,Administrador de Banco de Dados - DBA,Presencial,Barueri - SP
105,Seja Globalweb,ANALISTA DE BANCO DE DADOS SR,Presencial,Fortaleza - CE
106,Confidencial,Administrador Banco de Dados Pl.,Remoto,S√£o Jos√© d... - SP
107,CTC,Administrador de Banco de Dados (Remoto),Remoto,Rio de Jan... - RJ
108,3CON | IT & Digital,Analista de Banco de Dados PostgreSQL,Presencial,S√£o Paulo - SP
109,Conexia,Administrador de Banco de Dados,Remoto,Ribeir√£o P... - SP
110,Montreal & Tecnologia & Inova√ß√£o,Administrador de Banco de Dados ADABAS/NATURAL - Regional RJ,Presencial,Rio de Jan... - RJ
111,Central IT,ANALISTA DE BANCO DE DADOS PLENO,Presencial,N√£o informado
112,Infotec Brasil,Banco de Talentos - Engenheiro de Dados  - Engenheiro de Aplica√ß√£o,Presencial,Rio de Jan... - RJ
113,Infotec Brasil,Banco de Talentos - Engenheiro de Dados,Presencial,Rio de Jan... - RJ
114,Seja Globalweb,ANALISTA DE BANCO DE DADOS PL,Presencial,Fortaleza - CE
115,ITAPEVA Recupera√ß√£o de Cr√©ditos,Trainee de Banco de Dados,Presencial,S√£o Paulo - SP
116,GLOBAL HITSS,13420-Pessoa Administradora de Banco de Dados,Presencial,S√£o Paulo - SP
117,Energisa TECH,ANL BANCO DADOS I,Presencial,Cataguases - MG
118,Central IT,Analista de banco de Dados,Presencial,Bras√≠lia - DF
119,Stefanini Group,Administrador de banco de dados S√™nior -,Presencial,N√£o informado
120,Stefanini Group,Administrador de Banco de Dados Pleno,Presencial,N√£o informado
121,Seja Globalweb,ANALISTA DE BANCO DE DADOS SR,Presencial,Bras√≠lia - DF
122,Seja Globalweb,ANALISTA DE INFRAESTRUTURA PL (SUPORTE EM AN√ÅLISE DE BANCO DE DADOS DE CAPACIDADE),Presencial,Fortaleza - CE
123,NC Tech,Banco de Talentos - Especialista em Dados,Presencial,Hortol√¢ndia - SP
124,Cacau Show,Analista de Banco de Dados S√™nior,Remoto,Itapevi - SP
125,Cacau Show,Analista de Banco de Dados Pleno,Remoto,Itapevi - SP
126,GLOBAL HITSS,13264-Pessoa Administradora de Banco de Dados,Presencial,Bras√≠lia - DF
127,GLOBAL HITSS,13268-Pessoa Administradora de Banco de Dados,Presencial,Bras√≠lia - DF
128,Wake,Especialista em Banco de Dados (DBA) - Modelo de Trabalho H√≠brido,Presencial,N√£o informado
129,Globo,Analista de Banco de Dados | DBDevOps,Remoto,Rio de Jan... - RJ
130,Claranet Brasil,Administrador (a) de Banco de Dados Oracle Sr.,Presencial,Barueri - SP
131,REDE CACIQUE,FRENTISTA  - Baixa Grande do Ribeiro/PI (BANCO DE DADOS),Presencial,Baixa Gran... - PI
132,Brasilprev,BANCO DE TALENTOS - Tecnologia e Dados,Presencial,S√£o Paulo - SP
133,Agrofel Gr√£os e Insumos,Banco de dados | Gerente de Unidade,Presencial,N√£o informado
134,Agrofel Gr√£os e Insumos,Banco de Dados | Assistente Administrativo e Estoque,Presencial,N√£o informado
135,Agrofel Gr√£os e Insumos,Banco de Dados | Consultor Comercial,Presencial,N√£o informado
136,Agrofel Gr√£os e Insumos,Banco de Dados | Coordenador Administrativo,Presencial,N√£o informado
137,Agrofel Gr√£os e Insumos,Banco de dados | Coordenador Comercial,Presencial,N√£o informado
138,Riachuelo,Administrador de Banco de Dados  S√™nior,Remoto,S√£o Paulo - SP
139,Stefanini Group,ADMINISTRADOR DE BANCO DE DADOS S√äNIOR,Presencial,Rio de Jan... - RJ
140,Telef√≥nica Tech,GERENTE BANCO DE DADOS,Presencial,Barueri - SP
141,MTP M√©todos e Tecnologia ‚Äì Brasil,Banco de Talentos - Analista de Dados,Presencial,S√£o Jos√© d... - PR
142,Vivo Digital,Administrador de Banco De Dados S√™nior - Madrugada,Presencial,S√£o Paulo - SP
143,REDE CACIQUE,BANCO DE DADOS GERAL - REDE CACIQUE,Presencial,N√£o informado
144,REDE CACIQUE,JOVEM APRENDIZ - BANCO DE DADOS REDE CACIQUE,Presencial,Teresina - PI
145,Lanlink Inform√°tica,Analista de Suporte em Administra√ß√£o de Banco de Dados -BANCO DE TALENTOS,Presencial,Natal - RN
146,Sele√ß√£o de Professores - Centro Universit√°rio Facens,Edital 2023.2 - An√°lise e Desenvolvimento de Sistemas I Gest√£o de TI - Banco de Dados,Presencial,Sorocaba - SP
147,Cresol Oficial,Administrador de Banco de Dados DBA | Cresol Confedera√ß√£o,Presencial,Florian√≥polis - SC
148,match.mt,Banco de Talentos : : Dados e Analytics,Remoto,S√£o Paulo - SP
149,Close-up International,Analista de Informa√ß√µes JR/PL (Rewards - Banco de Dados),Presencial,S√£o Paulo - SP
150,Vivo Vita,Administrador de Banco De Dados Pleno,Presencial,S√£o Paulo - SP
151,V.tal | o futuro passa por aqui,Banco de Talentos - Dados,Presencial,N√£o informado
152,Welcome The Future,Analista de Banco de Dados,Presencial,Salvador - BA
153,Grupo Acelerador,BANCO DE DADOS ACELERADO,Presencial,Barueri - SP
154,Stefanini Group,Administrador de Banco de Dados,Remoto,Brasilia - DF
155,NAVA | Technology for Business,BANCO DE TALENTOS - ENGENHARIA DE DADOS JR/PL/SR/ESPECIALISTAS,Presencial,N√£o informado
156,Porsche Cup Brasil,Banco de Talentos | Analista de Dados Freelancers,Presencial,S√£o Paulo - SP
157,Ajinomoto do Brasil,Analista de TI (Administra√ß√£o de Bancos de Dados),Presencial,Limeira - SP
158,Cidacs,Banco de Talento | Engenheiro de Dados J√∫nior,Presencial,Salvador - BA
159,Vivo Digital,Banco de Talentos - Dados/BI/Analytics,Presencial,S√£o Paulo - SP
160,DEXCO,Banco de Talentos - Cientista de Dados,Remoto,S√£o Paulo - SP
161,Sicredi,Banco de Dados - Gerente de Neg√≥cios   - Rancharia/SP,Presencial,Rancharia - SP
162,Sicredi,Banco de Dados  -Rancharia/SP,Presencial,Rancharia - SP
163,Sicredi,Banco de dados - Vaga PCD - Rancharia/SP (Administrativo/Comercial),Presencial,Rancharia - SP
164,Pollo Engenharia,Engenheiro Civil - Banco de Dados,Presencial,Itajub√° - MG
165,Globalsys Solu√ß√µes em TI,Banco de Talentos - Analista de Dados/ Analista de BI ou Cientista de Dados,Remoto,N√£o informado
166,Qexpert,Banco de Talentos Analista de Dados,Remoto,Curitiba - PR
167,Qexpert,Banco de Talentos Engenheiro de Dados,Remoto,Curitiba - PR
168,Qexpert,Banco de Talentos Cientista de Dados,Remoto,Curitiba - PR
169,Sicredi,Banco de Dados Jovem Aprendiz - Dracena/SP,Presencial,Dracena - SP
170,MJV Technology & Innovation,Pessoa Desenvolvedora Front-end (Angular),Presencial,S√£o Paulo - SP
171,QI TECH,Desenvolvedor Front-end,Presencial,S√£o Paulo - SP
172,Eletromidia,Desenvolvedor Front-end,Presencial,S√£o Paulo - SP
173,MJV Technology & Innovation,Pessoa Desenvolvedora Front-end (Angular),Remoto,Curitiba - PR
174,Softplan,Pessoa Desenvolvedora Front-end Angular Pl - C√≥d. 5822,Remoto,Joinville - SC
175,Datum TI,Desenvolvedor Front-End Web React.js S√™nior,Remoto,Porto Alegre - RS
176,GRUPO SOMA,GRUPO SOMA | Desenvolvedor(a) Front End S√™nior | Somalabs,Presencial,Rio de Jan... - RJ
177,Riachuelo,Desenvolvedor Front End | Pleno,Remoto,N√£o informado
178,Grupo Botic√°rio,Pessoa Desenvolvedora Front End II ReactJS - Vaga Afirmativa para pessoas com Defici√™ncia (PCD) - (Consumidor),Remoto,N√£o informado
179,Techne,Desenvolvedor Front-end,Remoto,S√£o Paulo - SP
180,Acelera√≠,Desenvolvedor Front-end,Presencial,S√£o Paulo - SP
181,SBT,Desenvolvedor Front-end S√™nior,Presencial,Osasco - SP
182,NAVA | Technology for Business,PESSOA DESENVOLVEDORA FRONT-END (ANGULAR),Presencial,S√£o Paulo - SP
183,Synvia,Desenvolvedor Front End,Remoto,Paul√≠nia - SP
184,Grupo The Best,Pessoa Desenvolvedora Front-End Pleno - Londrina/PR,Presencial,Londrina - PR
185,CTC,Desenvolvedor Front End Sr (React) S√™nior (S√£o Paulo/SP),Remoto,S√£o Paulo - SP
186,MJV Technology & Innovation,Pessoa Desenvolvedora Front-end (Angular),Remoto,S√£o Paulo - SP
187,Nexti,Desenvolvedor Front-end Senior,Remoto,N√£o informado
188,Contato Seguro,Desenvolvedor J√∫nior - Front End,Remoto,Porto Alegre - RS
189,YDUQS - Vagas Tech,PESSOA DESENVOLVEDORA FRONT END PLENO,Remoto,Rio de Jan... - RJ
190,Opea,Analista Desenvolvedor Front End,Remoto,N√£o informado
191,Datum TI,Pessoa Desenvolvedora Front-end [React/Salesforce] S√™nior,Remoto,Porto Alegre - RS
192,Digital Business,Desenvolvedor Front-end (React) PL,Remoto,Porto Alegre - RS
193,Poliedro Educa√ß√£o,Desenvolvedor Front-End S√™nior,Remoto,S√£o Jos√© d... - SP
194,JET,5. Desenvolvedor Front-End S√™nior,Remoto,S√£o Paulo - SP
195,Sato 7,Desenvolvedor Front-End,Remoto,Atibaia - SP
196,Technomar Engenharia,Desenvolvedor Front End - Pleno,Remoto,S√£o Paulo - SP
197,Datum TI,Desenvolvedor Front-End React Native S√™nior,Remoto,Porto Alegre - RS
198,V8.TECH,Pessoa Desenvolvedora Front End - React Native S√™nior,Remoto,N√£o informado
199,MJV Technology & Innovation,Pessoa Desenvolvedora Front-end (React),Presencial,S√£o Paulo - SP
200,Codex Utilities,Desenvolvedor Front-End S√™nior (React.js),Remoto,Sao Jose d... - SP
201,Convert Digital Business,Desenvolvedor(a) Front End para CRM,Remoto,S√£o Paulo - SP
202,Montreal & Tecnologia & Inova√ß√£o,Desenvolvedor Front End Angular - Regional Minas,Remoto,Belo Horiz... - MG
203,Trizy,Desenvolvedor(a) Front End,Remoto,Ponta Grossa - PR
204,Uhuu!,Pessoa desenvolvedora React Front-End S√™nior (Remoto) [UHUU],Remoto,Porto Alegre - RS
205,Softgran,Desenvolvedor front-end React (Presencial),Presencial,Dourados - MS
206,Minsait an Indra Company,Pessoa Desenvolvedor Front End Pleno,Remoto,N√£o informado
207,Transform and grow in Digital,Desenvolvedor Front-end J√∫nior - Trabalho H√≠brido,Presencial,S√£o Paulo - SP
208,Stefanini Group,DESENVOLVEDOR FRONT-END PL/SR,Remoto,N√£o informado
209,Delta Global S.A.,Desenvolvedor (a) Front End,Presencial,Porto Alegre - RS
210,Caju Benef√≠cios,Pessoa Desenvolvedora Front-End Pleno | Prefer√™ncia para Mulheres,Remoto,S√£o Paulo - SP
211,Grupo Botic√°rio,Pessoa Desenvolvedora Front End ReactJS Especialista I (E-commerce Internacional),Remoto,N√£o informado
212,Omie,Desenvolvedor(a) Front-end Vue.js,Remoto,S√£o Paulo - SP
213,"Voltz, a Fintech das Utilities",Desenvolvedor ou Desenvolvedora Front End S√™nior,Remoto,N√£o informado
214,Unicred do Brasil,Pessoa Desenvolvedora Front-end SR (Exclusiva para PCDs),Remoto,Porto Alegre - RS
215,Grupo RBS,Desenvolvedor(a) Front End III,Remoto,Porto Alegre - RS
216,MJV Technology & Innovation,Pessoa Desenvolvedora Front-end (Angular),Presencial,S√£o Paulo - SP
217,Vittude,Pessoa Desenvolvedora de Front-end Senior,Remoto,N√£o informado
218,Vertem,Analista Desenvolvedor Front-end J√∫nior,Presencial,Barueri - SP
219,Cacau Show,Desenvolvedor Front End PL,Remoto,Itapevi - SP
220,V8.TECH,Pessoa Desenvolvedora Front End - S√™nior,Presencial,N√£o informado
221,H√≠brido,Desenvolvedor Magento Front End Pleno,Remoto,Brusque - SC
222,MJV Technology & Innovation,Pessoa Desenvolvedora Front-end (Angular),Presencial,S√£o Paulo - SP
223,Techne,Desenvolvedor Front End Pleno,Remoto,S√£o Paulo - SP
224,We Believe in Great Ideas - WBGI,Desenvolvedor(a) Front-end - Agmind,Remoto,N√£o informado
225,Unicred do Brasil,Pessoa Desenvolvedora Front-end SR,Remoto,Porto Alegre - RS
226,Stefanini Group,Desenvolvedor Front End Pl,Remoto,N√£o informado
227,Huia,Desenvolvedor Front End PL - VueJs,Remoto,Porto Alegre - RS
228,2W Ecobank,Desenvolvedor Front - End,Remoto,S√£o Paulo - SP
229,Seja Braza,Desenvolvedor Front End - (Remoto),Remoto,Foz do Iguacu - PR
230,Huia,Desenvolvedor Front End - VTEX,Remoto,Sao Paulo - SP
231,Taking,Desenvolvedor Front end Angular Pl/Sr,Remoto,Sp - SP
232,PremieRpet¬Æ,Desenvolvedor Web Front End - S√£o Paulo (Vila Ol√≠mpia),Presencial,S√£o Paulo - SP
233,SMARTBREEDER - trabalhe conosco,Desenvolvedor Front End | React JS,Remoto,Piracicaba - SP
234,Logical IT,Desenvolvedor(a) Front-end S√™nior,Presencial,S√£o Paulo - SP
235,MJV Technology & Innovation,Pessoa Desenvolvedora Front-end (Angular),Presencial,S√£o Paulo - SP
236,Best Talents,Desenvolvedor Front-End Wordpress - Home Office,Remoto,S√£o Paulo - SP
237,Confidencial,Desenvolvedor Front End SR,Remoto,S√£o Paulo - SP
238,Stefanini Group,Desenvolvedor Front End,Presencial,S√£o Paulo - SP
239,Tech Sicredi,Pessoa Desenvolvedor(a) Front End,Remoto,Porto Alegre - RS
240,Confidencial,Desenvolvedor Front-End Pleno,Remoto,N√£o informado
241,Trabalhe conosco!,Desenvolvedor de Sistemas - Front-end,Remoto,Jo√£o Pessoa - PB
242,Fretebras,Desenvolvedor(a) Front-End | React Afirmativa PCD,Remoto,S√£o Paulo - SP
243,Viaflow,Banco de Talentos | Pessoa Desenvolvedora Front-end,Remoto,N√£o informado
244,ProcessMind,Desenvolvedor Front-End Pleno,Presencial,S√£o Paulo - SP
245,Oportunidades Muvz,Pessoa Desenvolvedora Front-end Vue.js Pleno/S√™nior,Remoto,Uberl√¢ndia - MG
246,Globo,"Pessoa Desenvolvedora Front-end (G1, Globo.com, Gshow, Globoplay, GE, Cartola)",Remoto,Rio de Jan... - RJ
247,Hurb,TI | Desenvolvedor(a) Front End,Remoto,Rio de Jan... - RJ
248,Brivia,Desenvolvedor(a) Front-End,Remoto,S√£o Paulo - SP
249,Campus S√£o Paulo,[EASYCR√âDITO] Desenvolvedor front-end junior,Presencial,Goi√¢nia - GO
250,Yaman Tecnologia,EST√ÅGIO - DEVOPS (REMOTO),Remoto,Barueri - SP
251,Superl√≥gica Tecnologias,Pessoa SRE/DevOps,Remoto,Campinas - SP
252,Minsait an Indra Company,Pessoa Analista DevOps Pleno,Remoto,S√£o Paulo - SP
253,invillia,Spec/Sr DevOps - (100% Remoto),Remoto,N√£o informado
254,3CON | IT & Digital,Devops,Remoto,S√£o Paulo - SP
255,Dentsu World Services Brazil,DevOps Engineer - Banco de Talentos,Presencial,Porto Alegre - RS
256,Iteris,Senior DevOps Engineer (Projeto Internacional),Remoto,S√£o Paulo - SP
257,openlabs,Analista DevOps Engineer S√™nior (PCD),Remoto,S√£o Paulo - SP
258,Empresa de Tecnologia,Analista DevOps (Curitiba-PR),Presencial,Curitiba - PR
259,Darede,Analista DevOps Jr,Remoto,Barueri - SP
260,Vem Pra Vivo,Analista Suporte Devops Senior,Presencial,S√£o Paulo - SP
261,Zallpy Digital,DevOps - S√™nior,Remoto,Porto Alegre - RS
262,NAVA | Technology for Business,Devops/SRE,Presencial,S√£o Paulo - SP
263,200DEV,Analista Devops S√™nior,Remoto,N√£o informado
264,DB,DevOps Pl - Projeto Internacional,Remoto,Porto Alegre - RS
265,#vempraot,DevOps S√™nior,Presencial,Rio de Jan... - RJ
266,Confi,Devops,Remoto,S√£o Paulo - SP
267,Zappts,Analista Devops SR,Remoto,S√£o Jos√© d... - SP
268,Grupo MAG,Engenheiro DevOps Pleno/S√™nior,Remoto,N√£o informado
269,Korp,Est√°gio DevOps,Remoto,Curitiba - PR
270,Venha ser um AGente de transforma√ß√£o!,DevOps Engineer,Remoto,Florian√≥polis - SC
271,Valenet Carreiras,[P&D] Analista de Redes DevOps,Presencial,Itabira - MG
272,Tempest Security Intelligence,Engenheiro(a) de Software (SRE / DevOps),Remoto,Recife - PE
273,NAVA | Technology for Business,Devops Cloud SR,Presencial,S√£o Paulo - SP
274,NAVA | Technology for Business,Devops AWS SR,Presencial,S√£o Paulo - SP
275,Logcomex,Analista de Devops Pleno,Remoto,Curitiba - PR
276,Platform Builders,Senior DevOps Engineer - Troubleshootings,Remoto,S√£o Paulo - SP
277,3CON | IT & Digital,DevOps,Remoto,S√£o Paulo - SP
278,Platform Builders,Senior DevOps Engineer - SRE,Remoto,S√£o Paulo - SP
279,Centro Universit√°rio √çtalo Brasileiro,Analista DevOps,Presencial,S√£o Paulo - SP
280,Instituto Atl√¢ntico,Analista de DevOps - Pleno (Remoto) 27658-5268741,Remoto,Fortaleza - CE
281,N√∫clea,Analista DevOps Sr,Presencial,S√£o Paulo - SP
282,B4A,Analista de DevOps,Presencial,S√£o Paulo - SP
283,Grupo Panvel,DevOps Engineer,Presencial,Eldorado d... - RS
284,Stefanini Group,Pessoa Engenheira DevOps,Remoto,N√£o informado
285,Yaman Tecnologia,BANCO DE TALENTOS - ANALISTA DEVOPS AZURE,Remoto,Barueri - SP
286,Volkswagen do Brasil,Analista DevOps de TI,Presencial,S√£o Bernar... - SP
287,GBOEX,Analista de DevOps PL - Porto Alegre / RS,Remoto,Porto Alegre - RS
288,Alterdata Software,Administrador de TI (DevOps) Pleno,Remoto,S√£o Jos√© d... - SP
289,Nelogica,DevOps,Presencial,Porto Alegre - RS
290,DBServices,DevOps Lead - Full-Time Remotely (Portugal Timezone),Remoto,Porto Alegre - RS
291,Grupo Brisanet,Pessoa Assistente de DevOps I (Juazeiro do Norte CE),Presencial,Juazeiro d... - CE
292,VENHA SER #SANGUELARANJA üß°üöÄ,SRE Devops - SR,Presencial,S√£o Paulo - SP
293,Wiser Educa√ß√£o,Devops Trainee,Remoto,Curitiba - PR
294,Recrutamento para √°rea de tecnologia com Fit Cultural e Ader√™ncia T√©cnica.,DevOps,Remoto,S√£o Paulo - SP
295,Grupo Botic√°rio,DevOps Especialista I,Remoto,N√£o informado
296,V8.TECH,Pessoa Engenheira DevOps - S√™nior,Presencial,N√£o informado
297,Autoglass Tech,Analista DevOps,Presencial,Vila Velha - ES
298,DBServices,DevOps Engineer | Full-remote,Remoto,Porto Alegre - RS
299,GLOBAL HITSS,13194-Especialista DevOps,Presencial,S√£o Paulo - SP
300,BRLink,Banco de Talentos - Cloud DevOps,Remoto,S√£o Paulo - SP
301,Media.Monks Brasil,[S√ÉOCARLOS.MONKS] Est√°gio em DevOps,Remoto,S√£o Carlos - SP
302,Cloud++,DevOps Specialist - Cloud and Infrastructure.,Remoto,Natal - RN
303,Zappts,Engenheira(o) Devops,Remoto,S√£o Jos√© d... - SP
304,Asaas,Engenheiro(a) DevOps,Remoto,N√£o informado
305,Creare Sistemas,Analista de DevOps PL,Presencial,Canoas - RS
306,Darwin,Devops Pleno,Remoto,N√£o informado
307,Visto Tecnologia,DevOps Sr.,Remoto,S√£o Paulo - SP
308,Havan Labs - Tecnologia,Analista DevOps Pleno/S√™nior,Presencial,Brusque - SC
309,Iteris,Senior DevOps Engineer,Presencial,S√£o Paulo - SP
310,PagoNxt Merchant Solutions BR (a Santander company),DevOps Analyst,Remoto,Porto Alegre - RS
311,Leve Sa√∫de,Engenheiro(a) DevOps,Presencial,Rio de Jan... - RJ
312,Solutis Tecnologias LTDA,L√≠der T√©cnico de DevOps (S√™nior),Presencial,Salvador - BA
313,F360,Devops Pleno,Remoto,S√£o Paulo - SP
314,Lanlink Inform√°tica,Desenvolvedor DevOps/.NET/NodeJS S√™nior,Remoto,Fortaleza - CE
315,Banco Bmg,Coordena√ß√£o Application Security - DevSecOps/DevOps,Presencial,N√£o informado
316,Page Resourcing,PS - Cloud Devops Engineer - CDMX -¬†Sourcing,Presencial,N√£o informado
317,Page Resourcing,PS - Devops Engineer - CDMX -¬†Sourcing,Presencial,N√£o informado
318,Stefanini Group,Analista Devops SR,Presencial,S√£o Paulo - SP
319,International Experience ‚úà,OCA | Devops Engineer,Presencial,N√£o informado
320,Recrutamento para √°rea de tecnologia com Fit Cultural e Ader√™ncia T√©cnica.,DevOps,Remoto,S√£o Paulo - SP
321,VeeCode Squad,Banco de Talentos Veecode Squad DEVOPS 2.0,Remoto,N√£o informado
322,Trixlog,Devops Pleno,Remoto,Fortaleza - CE
323,Vetta Tecnologia,Banco de Talentos - Analista DevOps,Remoto,Belo Horiz... - MG
324,NAVA | Technology for Business,BANCO DE TALENTOS - DEVOPS JR/PL/SR/ESPECIALISTAS,Presencial,N√£o informado
325,Ada,Instrutor(a) DevOps - (Part time),Remoto,S√£o Paulo - SP
326,Compass.UOL,AWS Devops Analyst | Mid/Senior,Remoto,N√£o informado
327,PERTO,DevOps,Presencial,Gravata√≠ - RS
328,Ita√∫ Unibanco,ANL ENGENHARIA TI SR - DEVOPS,Remoto,Sao Paulo - SP
329,Atech,(2022-125) - Analista de DevOps e Configura√ß√£o PL,Presencial,Rio de Jan... - RJ
330,Unidas,Consultor SRE e DEVOPS,Presencial,N√£o informado
331,"Grupo Hive | Omnibees, Bee2Pay e Niara",DevOps Azure - Interm√©dio ou S√©nior - Omnibees Portugal,Presencial,N√£o informado
332,Social Bank,DevOps,Presencial,Uberl√¢ndia - MG
333,dataRain Consulting - Careers,S√™nior DevOps,Presencial,S√£o Paulo - SP
334,Instituto Atl√¢ntico,[Banco de Talentos] Analista de DevOps,Remoto,Fortaleza - CE
335,Triple S Cloud Solutions - Vagas em Tecnologia,TI - DevOps - Kubernetes - CI/CD - Containers - Todo o Brasil,Remoto,N√£o informado
336,Mobs2,Analista Devops - SRE,Remoto,Recife - PE
337,Zallpy Digital,DevOps - SR/Especialista - Foco em blockchain/Tokeniza√ß√£o,Remoto,Porto Alegre - RS
338,enjoei,engenheiro(a) devops - pleno,Remoto,S√£o Paulo - SP
339,Brivia,Especialista em Cloud Computing e Devops,Remoto,Rio de Jan... - RJ
340,Libbs Farmac√™utica,Analista de Governan√ßa de Dados S√™nior,Remoto,S√£o Paulo - SP
341,Winover,ANALISTA DE DADOS,Presencial,S√£o Jos√© d... - SP
342,Trabalhe com a RSM,Analista de Dados - Alphaville,Presencial,Barueri - SP
343,Hyperativa,ANALISTA DE BANCO DE DADOS ‚Äì SQL ‚Äì DBA,Remoto,S√£o Paulo - SP
344,Seja Globalweb,ANALISTA DE DADOS SR- REMOTO,Remoto,Bras√≠lia - DF
345,Imagem Geosistemas,1349 - Analista de Dados J√∫nior,Presencial,Sao Jose d... - SP
346,Grupo Botic√°rio,Analista ll ‚Äì Dados e insights (Afirmativa para talentos negros) - Tempor√°ria,Presencial,Sao Jose d... - PR
347,GVC SOLU√á√ïES EM COBRAN√áA,ANALISTA DE DADOS,Presencial,S√£o Jos√© d... - SP
348,Sicredi,0116 - Analista de BI - √Årea de Dados- Sede da Cooperativa - Porto Alegre,Presencial,Porto Alegre - RS
349,GOVERNAN√áABRASIL - GOVBR,Analista de Dados Pl,Presencial,Blumenau - SC
350,Cielo,Analista de Dados Pleno | Pricing e Customer Analytics,Presencial,Barueri - SP
351,Confidencial,Analista de Banco de Dados S√™nior,Presencial,Curitiba - PR
352,Vem Pra Vivo,Analista AdOps e Dados PL,Remoto,S√£o Paulo - SP
353,Clinicorp Solutions,Analista de Migra√ß√£o de Dados Pleno,Presencial,Jaragu√° do... - SC
354,OLX Brasil,Analista de Dados - Pleno,Remoto,S√£o Paulo - SP
355,CONEXA,Analista de Dados Pleno,Presencial,S√£o Paulo - SP
356,Grupo RBS,Analista dados I,Remoto,Porto Alegre - RS
357,Caixa Vida e Previd√™ncia,Analista de Dados S√™nior,Presencial,S√£o Paulo - SP
358,Datum TI,Pessoa Analista de Dados S√™nior,Remoto,Santa Maria - RS
359,Barcelos,ANALISTA DE INTELIG√äNCIA DE DADOS/ CAMPOS DOS GOYTACAZES,Presencial,Campos dos... - RJ
360,One Big Media Group,Analista de Dados Pleno,Presencial,Belo Horiz... - MG
361,NZN,Analista de Dados PL,Presencial,N√£o informado
362,YDUQS,PESSOA ANALISTA DE DADOS GERENCIAIS,Presencial,S√£o Paulo - SP
363,√ìrigo Energia,Analista de Dados,Presencial,Rio de Jan... - RJ
364,Hummanos Consultoria RH,Analista de Dados e Processos,Presencial,Uberl√¢ndia - MG
365,Toro Investimentos,Analista de Dados e Neg√≥cios S√™nior (Remoto),Remoto,Belo Horiz... - MG
366,Brasilseg,Analista de Dados Pleno,Presencial,S√£o Paulo - SP
367,Banco Bmg,Analista de Arquitetura de Dados S√™nior,Presencial,S√£o Paulo - SP
368,Movilway,Analista de Banco de Dados Jr - Movilway - Remoto,Remoto,Belo Horiz... - MG
369,Lideran√ßa Capitaliza√ß√£o,Analista de Dados,Presencial,S√£o Paulo - SP
370,Pre√¢mbulo Tech,Analista de Dados DBA - Curitiba/PR,Presencial,Curitiba - PR
371,Vem ser um Conecter.,ANALISTA DE DADOS,Presencial,S√£o Paulo - SP
372,Seja Globalweb,ANALISTA DE DADOS PL,Remoto,Bras√≠lia - DF
373,Poliedro Educa√ß√£o,Analista de Dados Escolares J√∫nior,Presencial,S√£o Jos√© d... - SP
374,Vibra Energia,Analista de Dados Sr,Presencial,Rio de Jan... - RJ
375,Vibra Energia,Analista de Dados Pl,Presencial,Rio de Jan... - RJ
376,Tech Sicredi,Analista de Dados - Foco em Precifica√ß√£o de Cr√©dito,Remoto,Porto Alegre - RS
377,Leega Consultoria,Analista de Dados Pleno,Presencial,S√£o Paulo - SP
378,Trabalhe Conosco Unimed Goi√¢nia,Analista de Dados em Saude II - Analytics,Presencial,Goi√¢nia - GO
379,Caju Benef√≠cios,Pessoa Analista de Governan√ßa de Dados S√™nior,Remoto,N√£o informado
380,Wake,Analista de Dados BI S√™nior - Modelo de trabalho Remoto,Presencial,S√£o Paulo - SP
381,A F√≥rmula - Farm√°cia de Manipula√ß√£o,Analista de Dados,Presencial,S√£o Paulo - SP
382,ProcessMind,Analista Banco de Dados,Presencial,S√£o Paulo - SP
383,üöÄ A sele√ß√£o j√° est√° rolando na Track&Field! Vem com a gente?,Analista de dados (BI) | TRACK&FIELD | S√£o Paulo,Presencial,S√£o Paulo - SP
384,Seedz,Analista de Dados S√™nior,Remoto,Belo Horiz... - MG
385,Lanlink Inform√°tica,Analista de Banco de Dados e Linux,Presencial,Fortaleza - CE
386,BIRD Moving Business Forward,Analista de Dados e CRM,Presencial,S√£o Paulo - SP
387,Porto,Analista de Intelig√™ncia de Dados S√™nior,Presencial,S√£o Paulo - SP
388,Brasilprev,ANALISTA COMERCIAL S√äNIOR (DADOS),Presencial,S√£o Paulo - SP
389,ALLOS,Analista de Marketing Pleno - Dados e Intelig√™ncia,Presencial,Belo Horiz... - MG
390,NAVA | Technology for Business,ANALISTA  DLP e PROTE√á√ÉO DE DADOS SR,Presencial,Osasco - SP
391,NAVA | Technology for Business,ANALISTA  DLP e PROTE√á√ÉO DE DADOS SR,Presencial,Osasco - SP
392,NAVA | Technology for Business,"ANALISTA DE PROTE√á√ÉO DE DADOS SR - DISCOVERY, PROTE√á√ÉO E CRIPTOGRAFIA",Presencial,Osasco - SP
393,iK Ecossistema da Inova√ß√£o,Analista de dados,Presencial,Rio de Jan... - RJ
394,Neoway,Pessoa Analista de Dados J√∫nior,Remoto,N√£o informado
395,Instituto de Pesquisas ELDORADO,Analista de Dados Dogfooding,Presencial,Manaus - AM
396,@novarotadooeste,ANALISTA DE DADOS PL,Presencial,Cuiab√° - MT
397,KPMG Brasil,Analista de Dados Sr - (People Analytics),Presencial,S√£o Paulo - SP
398,Libbs Farmac√™utica,Analista de Engenharia de Dados Pleno,Remoto,S√£o Paulo - SP
399,Andrade Maia Advogados,Analista de Dados J√∫nior,Presencial,Porto Alegre - RS
400,YDUQS,PESSOA ANALISTA COMERCIAL PLENA (FOCO EM DADOS),Presencial,S√£o Paulo - SP
401,Trinus Co.,Analista de Intelig√™ncia de Dados - Gest√£o Imobili√°ria,Presencial,Goi√¢nia - GO
402,Vagas Inmetrics,ANALISTA DE INTELIGENCIA DE DADOS PL (H√çBRIDO),Presencial,S√£o Paulo - SP
403,SiMCo - Healthcare Platform,Analista de Intelig√™ncia Operacional e Dados Sr,Remoto,Fortaleza - CE
404,SiMCo - Healthcare Platform,Analista de Intelig√™ncia Operacional e Dados Sr,Remoto,Fortaleza - CE
405,Cidade Center Norte,Analista de Dados Jr (Relacionamento com Cliente),Presencial,S√£o Paulo - SP
406,Modal - Estrat√©gia em Capta√ß√£o 360,Analista de Dados BI,Presencial,Barueri - SP
407,J&T Express Brasil,Analista dados (Financeiro)  - Bras√≠lia/DF,Presencial,Bras√≠lia - DF
408,J&T Express Brasil,"Analista de dados, Bras√≠lia/DF",Presencial,Bras√≠lia - DF
409,KOVI ‚ù§Ô∏è,Analista de Opera√ß√µes Pleno (dados) - zona sul de S√£o Paulo/SP,Presencial,S√£o Paulo - SP
410,Looqbox,Analista de Dados Pleno (Python Developer - Remoto),Remoto,S√£o Paulo - SP
411,Seja Globalweb,ANALISTA DE BANCO DE DADOS SR - (SGBD PostgreSQL),Presencial,Bras√≠lia - DF
412,Seja Globalweb,ANALISTA DE BANCO DE DADOS SR - (SGBD MS SQL Server),Presencial,Fortaleza - CE
413,Seja Globalweb,ANALISTA DE BANCO DE DADOS PL - (MS SQL Server),Presencial,Bras√≠lia - DF
414,Poliedro Educa√ß√£o,Analista de Dados S√™nior,Remoto,S√£o Jos√© d... - SP
415,Cogna Educa√ß√£o,ANALISTA DE DADOS SR - AFIRMATIVA PARA PESSOAS NEGRAS,Presencial,S√£o Paulo - SP
416,Porto,Analista de Intelig√™ncia de Dados S√™nior,Presencial,S√£o Paulo - SP
417,MTP M√©todos e Tecnologia ‚Äì Brasil,553 - Analista de Dados Pleno,Presencial,S√£o Paulo - SP
418,Seja Globalweb,ANALISTA DE BANCO DE DADOS SR,Presencial,Fortaleza - CE
419,SindiLojas Porto Alegre,Analista de Dados - Economista,Presencial,Porto Alegre - RS
420,Vetta Tecnologia,Analista de Dados - S√™nior,Remoto,Belo Horiz... - MG
421,Bridge & Co.,Analista de Dados Pleno/S√™nior (BI),Presencial,Rio de Jan... - RJ
422,KOVR,Analista de Dados Pleno,Presencial,S√£o Paulo - SP
423,Lojas Renner,Analista de Dados | Insights de Neg√≥cios,Presencial,S√£o Paulo - SP
424,Light,Analista de Dados Junior,Presencial,Rio de Jan... - RJ
425,3CON | IT & Digital,Analista de Banco de Dados PostgreSQL,Presencial,S√£o Paulo - SP
426,Bip Brasil,Analista de Dados Pleno - Manufacturing,Remoto,S√£o Paulo - SP
427,MESHA TECNOLOGIA,Analista de Dados - H√≠brido (Macei√≥),Presencial,Macei√≥ - AL
428,Stefanini Group,Analista de Dados,Presencial,S√£o Jos√© d... - SP
429,Contabilizei Carreira Tech,Analista de Dados Pleno,Remoto,N√£o informado
430,Rede Verbita de Educa√ß√£o,Analista de Dados J√∫nior,Presencial,Belo Horiz... - MG
431,Confidencial,ANALISTA BUSINESS INTELLIGENCE PLENO  - DADOS,Presencial,Rio de Jan... - RJ
432,Venha fazer parte da revolu√ß√£o da log√≠stica e mobilidade no mundo!,People Ops Sr - Analista de Dados e Projetos,Presencial,S√£o Paulo - SP
433,Venha fazer parte da revolu√ß√£o da log√≠stica e mobilidade no mundo!,People Ops Pl - Analista de Dados e Projetos,Presencial,S√£o Paulo - SP
434,Central IT,ANALISTA DE BANCO DE DADOS PLENO,Presencial,N√£o informado
435,Dotz,ANALISTA DE DADOS J√öNIOR | RECUPERA√á√ÉO DE CR√âDITO,Presencial,S√£o Paulo - SP
436,Vagas Valgroup,Analista de Dados,Presencial,Lorena - SP
437,Vagas MRM Brasil,Analista de Dados Pleno Data Visualization (DATAVIS) - Freelancer,Presencial,S√£o Paulo - SP
438,Senff,Analista de Dados Pleno,Presencial,Curitiba - PR
439,Qexpert,Analista de Dados J√∫nior,Remoto,S√£o Paulo - SP
440,Infotec Brasil,Analista de Dados - Maca√©/RJ,Presencial,Maca√© - RJ
441,Quero Educa√ß√£o,Analista de Dados | J√∫nior,Presencial,S√£o Jos√© d... - SP
442,Strattner,Analista de Dados (SP/RJ/SC),Presencial,Palho√ßa - SC
443,Colormaq,Analista de Dados E-commerce,Presencial,S√£o Paulo - SP
444,Seja Globalweb,ANALISTA DE BANCO DE DADOS PL,Presencial,Fortaleza - CE
445,Globo,Analista de Dados Pleno | Intelig√™ncia de Mercado - Dados & Servi√ßos,Presencial,S√£o Paulo - SP
446,V4 Company,Analista de Dados S√™nior| Time de Dados,Presencial,S√£o Leopoldo - RS
447,OMNI SA√öDE,Analista de Dados & PowerBI,Presencial,Goi√¢nia - GO
448,N√∫clea,Analista de Gest√£o de Dados Sr,Presencial,S√£o Paulo - SP
449,Webedia Brasil,Analista de Dados Comerciais,Presencial,S√£o Paulo - SP
450,Ra√≠zen,Analista de Dados S√™nior | Shell Box - Remoto,Remoto,S√£o Paulo - SP
451,Central IT,Analista de banco de Dados,Presencial,Bras√≠lia - DF
452,Seja Globalweb,ANALISTA DE BANCO DE DADOS SR,Presencial,Bras√≠lia - DF
453,MESHA TECNOLOGIA,Analista de Dados,Remoto,Macei√≥ - AL
454,Talentos Hapvida,Oportunidade Interna - Analista de Dados Junior - Auditoria Interna,Presencial,Fortaleza - CE
455,Hapvida NotreDame Interm√©dica,Analista de Dados Junior - Auditoria Interna,Presencial,Fortaleza - CE
456,V.tal | o futuro passa por aqui,Analista de Dados (Performance Operacional) - Porto Alegre/RS,Presencial,N√£o informado
457,PreparaRH,Analista de Dados J√∫nior,Presencial,Ara√ßatuba - SP
458,Afya,AFYA BH | Analista de Dados Educacionais S√™nior,Presencial,Belo Horiz... - MG
459,Atento TI,Analista de Dados Pleno - S√£o Paulo - H√≠brido,Presencial,N√£o informado
460,GRUPO LUIZ HOHL / CASA DO PICA PAU,Analista de Dados,Remoto,Goi√¢nia - GO
461,Grupo Botic√°rio,Analista de Dados III,Remoto,Curitiba - Pr - PR
462,Locaweb,Analista de Dados Jr - modelo de trabalho h√≠brido (vaga exclusiva para PCD),Presencial,S√£o Paulo - SP
463,DUX Nutrition Lab,Analista de Dados Pleno,Presencial,S√£o Paulo - SP
464,DUX Nutrition Lab,Analista de Dados S√™nior,Presencial,S√£o Paulo - SP
465,MAGNA SISTEMAS,5180343 | Analista de Dados PL,Presencial,S√£o Paulo - SP
466,Cacau Show,Analista de Banco de Dados S√™nior,Remoto,Itapevi - SP
467,Cacau Show,Analista de Banco de Dados Pleno,Remoto,Itapevi - SP
468,Musa Tecnologia,Pessoa Analista de Dados Pleno,Remoto,S√£o Paulo - SP
469,Corporativo - Agibank,ANALISTA DE PRIVACIDADE DE DADOS PLENO (HIBRIDO CAMPINAS/SP),Presencial,Campinas - SP
470,Fa√ßa parte do time Mercantil,Analista de Dados Cliente Junior,Presencial,Belo Horiz... - MG
471,Supernova,Analista de Dados,Presencial,Goi√¢nia - GO
472,Talentos Hapvida,Oportunidade Interna - Analista de Dados Pl,Presencial,Fortaleza - CE
473,Hapvida NotreDame Interm√©dica,Analista de Dados Pl,Presencial,Fortaleza - CE
474,Soma,Analista de Dados e Melhoria Cont√≠nua S√™nior,Remoto,S√£o Paulo - SP
475,The Bridge Vagas,Analista de Dados SR - H√≠brido (S√£o Paulo/SP),Presencial,S√£o Paulo - SP
476,Vem ser Tahto,ANALISTA SENIOR DE DADOS E INDICADORES DA QUALIDADE - GOI√ÇNIA/GO | STAFF,Presencial,Goi√¢nia - GO
477,GnTech,Analista de Dados,Presencial,Florian√≥polis - SC
478,Afya,PEBMED | Analista de Dados J√∫nior (Vaga Exclusiva para Profissionais com Defici√™ncia),Remoto,Rio de Jan... - RJ
479,Ambipar Response ES S/A,AMBIPAR RESPONSE CONTROL - Analista de Dados - Homeoffice,Remoto,Vit√≥ria - ES
480,Cielo,Analista S√™nior em Governan√ßa de Dados,Remoto,Barueri - SP
481,Addebirare,Analista de Dados | Planejamento Comercial,Presencial,S√£o Paulo - SP
482,Join Tecnologia & Design,Analista de Dados (Python),Remoto,Bras√≠lia - DF
483,Foresea,Analista de Dados I | Data Analyst I,Remoto,Maca√© - RJ
484,Globo,Analista de Banco de Dados | DBDevOps,Remoto,Rio de Jan... - RJ
485,UOL EdTech,Analista de Dados e BI Pl.,Presencial,Sao Paulo - SP
486,Ajinomoto do Brasil,Analista de Dados & Intelig√™ncia comercial,Presencial,S√£o Paulo - SP
487,GOVERNAN√áABRASIL - GOVBR,Analista de Dados Jr,Remoto,Blumenau - SC
488,ORIZON VR,Analista de Dados,Presencial,S√£o Paulo - SP
489,JBS,Analista de BI/Dados ‚Äì S√™nior/Especialista,Presencial,S√£o Paulo - SP
490,J&T Express Brasil,Analista de dados,Presencial,Florian√≥polis - SC
491,HS FINANCEIRA S/A - CFI,Analista de Dados JR - HS Financeira,Presencial,Dois Irm√£os - RS
492,Unidades V4 Company,Analista de Dados - RPZ & Co (Presencial),Presencial,S√£o Jos√© d... - SP
493,Contabilizei,Analista de Dados Pleno,Remoto,N√£o informado
494,Saber Educa√ß√£o,ANALISTA DE DADOS III,Presencial,S√£o Paulo - SP
495,NAVA | Technology for Business,PESSOA ANALISTA DE DADOS SR - Riscos/Intelig√™ncia,Presencial,S√£o Paulo - SP
496,Cielo,Analista de Dados Sr,Remoto,Barueri - SP
497,Seja Every seguran√ßa da informa√ß√£o cybersecurity Every #SerFeliz LGPD GRC gerenciamento de risco inova√ß√£o Every TI VempraEvery Vem pra Every,Analista S√™nior de Privacidade de Dados,Presencial,Bras√≠lia - DF
498,Seja Every seguran√ßa da informa√ß√£o cybersecurity Every #SerFeliz LGPD GRC gerenciamento de risco inova√ß√£o Every TI VempraEvery Vem pra Every,Analista Pleno de Privacidade de Dados,Presencial,Bras√≠lia - DF
499,Instituto de Pesquisas ELDORADO,Est√°gio para Analista de Dados,Presencial,Manaus - AM
500,Fa√ßa parte do time Mercantil,Analista de Dados de Controladoria Pleno,Remoto,Belo Horiz... - MG
501,Grupo Refriko,Analista de Dados,Presencial,Camb√© - PR
502,Porto,Analista de Engenharia de Dados S√™nior,Presencial,S√£o Paulo - SP
503,J&T Express Brasil,Analista de dados (BI) Sr.,Presencial,S√£o Paulo - SP
504,Franq,Analista de Dados Pleno,Presencial,Florian√≥polis - SC
505,MTP M√©todos e Tecnologia ‚Äì Brasil,Banco de Talentos - Analista de Dados,Presencial,S√£o Jos√© d... - PR
506,Porto,Analista de Engenharia de Dados S√™nior,Presencial,Barueri - SP
507,Trabalhe Conosco Unimed Goi√¢nia,Analista De Seguran√ßa Informa√ß√£o E Dados III - Seguran√ßa Da Informa√ß√£o E Dados (C√ìPIA),Presencial,Goi√¢nia - GO
508,Gerando Falc√µes,Analista de Dados Pleno,Presencial,Po√° - SP
509,Eletromidia,Analista de Dados Pleno ‚Äì IoT,Presencial,S√£o Paulo - SP
510,Vitru Education,Analista de Dados (Web Analytics CRO),Presencial,Florian√≥polis - SC
511,"Vagas, empregos, oportunidades",Analista de Dados Pleno,Remoto,Joinville - SC
512,EuroChem,Analista de Dados Industriais - Paul√≠nia/SP,Presencial,Paul√≠nia - SP
513,Seconci-SP,UC - Analista de Sistemas I (Dados),Presencial,S√£o Paulo - SP
514,Ernesto Borges Advogados,Analista de Dados,Remoto,Campo Grande - MS
515,A3Data,Banco de Talentos - Pessoa Analista de Dados [S√™nior-Especialista],Remoto,Belo Horiz... - MG
516,Sicredi,Analista de Dados - Foco em Cr√©dito - Afirmativa para PCD's,Remoto,Porto Alegre - RS
517,Grupo Yamaha Brasil,ANALISTA DE DADOS PL,Presencial,Guarulhos - SP
518,NV,NV | Analista de Dados,Presencial,S√£o Paulo - SP
519,AESC - Associa√ß√£o Educadora S√£o Carlos,Analista de Dados Epidemiol√≥gicos - Hospital M√£e de Deus,Presencial,Porto Alegre - RS
520,J&T Express Brasil,Analista de dados (BI) Sr.,Presencial,S√£o Paulo - SP
521,Fa√ßa parte do time Mercantil,Analista de Dados Junior,Presencial,Belo Horiz... - MG
522,J&T Express Brasil,Analista de dados (BI) Jr,Presencial,Ribeir√£o P... - SP
523,RHMED Consultores Associados,ANALISTA DE DADOS,Presencial,Rio de Jan... - RJ
524,Superl√≥gica Tecnologias,Pessoa Analista de Engenharia de Dados,Remoto,N√£o informado
525,Grupo Acelerador,Analista de Dados,Presencial,Barueri - SP
526,Welcome The Future,Analista de Banco de Dados,Presencial,Salvador - BA
527,Ita√∫ Unibanco,Analista de Estrat√©gia de Dados,Presencial,Sao Paulo - SP
528,Sem Parar,Analista de Dados Comerciais,Remoto,S√£o Paulo - SP
529,J&T Express Brasil,Analista de Dados S√™nior - S√£o Paulo / SP,Presencial,S√£o Paulo - SP
530,Embraer,Analista de Dados JR (Vaga afirmativa para pessoas com defici√™ncia),Presencial,S√£o Jos√© d... - SP
531,Mottu,Analista de Dados Junior e Pleno,Presencial,S√£o Paulo - SP
532,Ita√∫ Unibanco,Analista de Dados - Solu√ß√µes de Investimentos,Presencial,Sao Paulo - SP
533,GPA,Analista Ci√™ncia de Dados S√™nior,Presencial,S√£o Paulo - SP
534,Kempetro Engenharia,Analista de Dados,Presencial,Rio de Jan... - RJ
535,TecBan,ANALISTA DADOS II,Remoto,S√£o Paulo - SP
536,Agrofel Gr√£os e Insumos,Analista de Dados,Presencial,Porto Alegre - RS
537,Ewave do Brasil,Analista de Dados,Presencial,Curitiba - PR
538,Porsche Cup Brasil,Banco de Talentos | Analista de Dados Freelancers,Presencial,S√£o Paulo - SP
539,Kempetro Engenharia,Analista de Dados de Automa√ß√£o de Projetos,Presencial,S√£o Paulo - SP
540,Ita√∫ Unibanco,Analista de Dados S√™nior (Marketing),Presencial,Sao Paulo - SP
541,Infotec Brasil,Analista de Dados - Salvador/BA,Presencial,S√£o Franci... - BA
542,Infotec Brasil,Analista de Dados - Home Office,Remoto,Rio de Jan... - RJ
543,Unidas,Analista de Intelig√™ncia de Dados PL,Presencial,Curitiba - PR
544,J&T Express Brasil,Analista de dados (BI),Presencial,Belo Horiz... - MG
545,Ita√∫ Unibanco,Analista de Ci√™ncia de Dados Pleno,Presencial,Sao Paulo - SP
546,Grupo Skytech,Analista de dados,Presencial,S√£o Paulo - SP
547,Ita√∫ Unibanco,Analista de Dados - Exclusivo para Profissionais com Defici√™ncia,Presencial,S√£o Paulo - SP
548,Santander Brasil,Analista S√™nior de Dados,Presencial,S√£o Paulo - SP
549,Brivia,Analista de Dados,Remoto,Rio de Jan... - RJ
550,Globalsys Solu√ß√µes em TI,Banco de Talentos - Analista de Dados/ Analista de BI ou Cientista de Dados,Remoto,N√£o informado
551,Trial Estrutura Organizacional,Analista de Dados,Presencial,S√£o Paulo - SP
552,Qexpert,Banco de Talentos Analista de Dados,Remoto,Curitiba - PR
